FirstName,Surname,Reference,Unit,JoiningDate,Position,CheckType,DateDisclousured,RenewalDate,LatestRenewal,BackgroundCheck
Abida,Begum,5934,VALID DBS Update and Expired DBS Update,,,,,01/01/2000,,DBS Check
Abida,Begum,5934,VALID DBS Update and Expired DBS Update,,,,,07/07/2025,,DBS Update Service Check
Bazzo ,Paulo,3333,Valid DBS Check and Expired DBS Check,,,,,05/05/2030,,DBS Check
Bazzo ,Paulo,3333,Valid DBS Check and Expired DBS Check,,,,,01/01/2001,,DBS Update Service Check
John,John,1111,Valid DBS / No update record,,,,,14/07/2022,,DBS Check
Bob,Sponge,9999,Valid DBS Check and Valid DBS Update,,,,,05/05/2025,,DBS Check
Bob,Sponge,9999,Valid DBS Check and Valid DBS Update,,,,,03/03/2023,,DBS Update Service Check
Bazzo ,Paulo,3333,Expired DBS Check,,,,,02/02/2015,,DBS Check
Mage,Merlin,7777,Expired DBS Check ONLY,,,,,02/02/1998,,DBS Check
Mage,Merlin,7777,Expired DBS Check ONLY,,,,,02/02/1995,,DBS Check
Trump,Donald,1313,DBS Check Expired and subscription valid,,,,,01/01/2000,,DBS Check
Trump,Donald,1313,DBS Check Expired and subscription valid,,,,,02/02/2022,,DBS Update Service Check
Macdonald,Ronald,8989,VALID DBS Check not valid subscription,,,,,01/01/2000,,DBS Update Service Subscription Paid
Macdonald,Ronald,8989,VALID DBS Check not valid subscription,,,,,06/06/2022,,DBS Check
McGregor,Conor,1515,VALID Subscription but not valid DBS Check,,,,,01/01/2000,,DBS Check
McGregor,Conor,1515,VALID Subscription but not valid DBS Check,,,,,06/06/2022,,DBS Update Service Subscription Paid
Brown,James,6969,Valid Check and Valid Subscription,,,,,05/05/2022,,DBS Check
Brown,James,6969,Valid Check and Valid Subscription,,,,,01/01/2022,,DBS Update Service Subscription Paid
Sea,Patrick,4585,Expired DBS Update,,,,,01/01/2018,,DBS Update Service Check
